id,type,text,score,timestamp,subreddit,url,clean_text,sentiment_pos,sentiment_neg,sentiment_neu,sentiment_compound,sentiment_label
abc001,post,Brazil vs Argentina World Cup final would be an incredible match,1523,2022-11-20T10:00:00,soccer,https://reddit.com/r/soccer/abc001,brazil vs argentina world cup final would incredible match,0.0,0.0,1.0,0.0,neutral
abc002,comment,Messi finally wins the World Cup! Argentina deserved it,987,2022-11-20T10:05:00,worldcup,https://reddit.com/r/worldcup/abc002,messi finally wins world cup argentina deserved,0.381,0.0,0.619,0.5719,positive
abc003,comment,Brazil played amazing today Neymar was unstoppable,743,2022-11-20T10:10:00,soccer,https://reddit.com/r/soccer/abc003,brazil played amazing today neymar unstoppable,0.564,0.164,0.273,0.6597,positive
abc004,comment,France is looking really strong this tournament Mbappe is on fire,612,2022-11-20T10:15:00,worldcup,https://reddit.com/r/worldcup/abc004,france looking really strong tournament mbappe fire,0.327,0.218,0.455,0.2944,positive
abc005,comment,England's defense was terrible they totally deserved to lose,201,2022-11-20T10:20:00,soccer,https://reddit.com/r/soccer/abc005,england defense terrible totally deserved lose,0.142,0.575,0.284,-0.6786,negative
abc006,comment,Morocco shocking everyone and making Africa proud incredible performance,892,2022-11-20T10:25:00,worldcup,https://reddit.com/r/worldcup/abc006,morocco shocking everyone making africa proud incredible performance,0.263,0.229,0.508,0.1027,positive
abc007,comment,Ronaldo and Portugal had a disappointing exit from the tournament,445,2022-11-20T10:30:00,soccer,https://reddit.com/r/soccer/abc007,ronaldo portugal disappointing exit tournament,0.0,0.444,0.556,-0.4939,negative
abc008,comment,Germany crashing out in the group stage again what happened,334,2022-11-20T10:35:00,worldcup,https://reddit.com/r/worldcup/abc008,germany crashing group stage happened,0.0,0.0,1.0,0.0,neutral
abc009,comment,Messi vs Mbappe in the final was absolutely magical,2341,2022-11-20T10:40:00,soccer,https://reddit.com/r/soccer/abc009,messi vs mbappe final absolutely magical,0.0,0.0,1.0,0.0,neutral
abc010,comment,Brazil's tiki-taka style is just so beautiful to watch,567,2022-11-20T10:45:00,worldcup,https://reddit.com/r/worldcup/abc010,brazil tiki taka style beautiful watch,0.438,0.0,0.562,0.5994,positive
abc011,comment,Kane missed another big penalty England never learn,189,2022-11-20T11:00:00,soccer,https://reddit.com/r/soccer/abc011,kane missed another big penalty england never learn,0.0,0.464,0.536,-0.6369,negative
abc012,comment,Spain dominated possession but could not score frustrating,278,2022-11-20T11:05:00,worldcup,https://reddit.com/r/worldcup/abc012,spain dominated possession could score frustrating,0.0,0.367,0.633,-0.4404,negative
abc013,comment,Netherlands played dirty but still lost deserved,156,2022-11-20T11:10:00,soccer,https://reddit.com/r/soccer/abc013,netherlands played dirty still lost deserved,0.226,0.491,0.283,-0.4215,negative
abc014,comment,Croatia with Modric is always a threat never count them out,423,2022-11-20T11:15:00,worldcup,https://reddit.com/r/worldcup/abc014,croatia modric always threat never count,0.0,0.405,0.595,-0.5267,negative
abc015,comment,Argentina fans are the most passionate in the world,712,2022-11-20T11:20:00,soccer,https://reddit.com/r/soccer/abc015,argentina fans passionate world,0.531,0.0,0.469,0.5267,positive
abc016,comment,Japan beating Germany was one of the biggest upsets ever,1034,2022-11-20T11:25:00,worldcup,https://reddit.com/r/worldcup/abc016,japan beating germany one biggest upsets ever,0.0,0.524,0.476,-0.6705,negative
abc017,comment,Vinicius junior had a great World Cup showing for Brazil,389,2022-11-20T11:30:00,soccer,https://reddit.com/r/soccer/abc017,vinicius junior great world cup showing brazil,0.406,0.0,0.594,0.6249,positive
abc018,comment,France has too much talent they will win the whole thing,534,2022-11-20T11:35:00,worldcup,https://reddit.com/r/worldcup/abc018,france much talent win whole thing,0.623,0.0,0.377,0.765,positive
abc019,comment,Sad to see Uruguay and Suarez go out like that,267,2022-11-20T11:40:00,soccer,https://reddit.com/r/soccer/abc019,sad see uruguay suarez go like,0.26,0.323,0.417,-0.1531,negative
abc020,comment,Senegal showed what African football can do really impressive,445,2022-11-20T11:45:00,worldcup,https://reddit.com/r/worldcup/abc020,senegal showed african football really impressive,0.418,0.0,0.582,0.5563,positive
abc021,comment,Messi playing like he was born for this World Cup moment,1876,2022-11-21T09:00:00,soccer,https://reddit.com/r/soccer/abc021,messi playing like born world cup moment,0.462,0.0,0.538,0.5106,positive
abc022,comment,Brazil richarlison bicycle kick best goal of the tournament,934,2022-11-21T09:10:00,worldcup,https://reddit.com/r/worldcup/abc022,brazil richarlison bicycle kick best goal tournament,0.412,0.0,0.588,0.6369,positive
abc023,comment,France griezmann and mbappe are a terrifying combination,689,2022-11-21T09:20:00,soccer,https://reddit.com/r/soccer/abc023,france griezmann mbappe terrifying combination,0.0,0.481,0.519,-0.5719,negative
abc024,comment,England bellingham is going to be the best player in the world,823,2022-11-21T09:30:00,worldcup,https://reddit.com/r/worldcup/abc024,england bellingham going best player world,0.457,0.0,0.543,0.6369,positive
abc025,comment,Morocco hakimi absolutely tore apart the opposition fullback,556,2022-11-21T09:40:00,soccer,https://reddit.com/r/soccer/abc025,morocco hakimi absolutely tore apart opposition fullback,0.0,0.0,1.0,0.0,neutral
abc026,comment,Poland lewandowski finally scored his World Cup goal massive,412,2022-11-21T09:50:00,worldcup,https://reddit.com/r/worldcup/abc026,poland lewandowski finally scored world cup goal massive,0.0,0.0,1.0,0.0,neutral
abc027,comment,Australia socceroos punching way above their weight class,378,2022-11-21T10:00:00,soccer,https://reddit.com/r/soccer/abc027,australia socceroos punching way weight class,0.0,0.0,1.0,0.0,neutral
abc028,comment,South Korea son heung-min playing through injury true legend,634,2022-11-21T10:10:00,worldcup,https://reddit.com/r/worldcup/abc028,south korea son heung min playing injury true legend,0.343,0.209,0.448,0.2023,positive
abc029,comment,USA pulisic scored a great goal against Iran well deserved,512,2022-11-21T10:20:00,soccer,https://reddit.com/r/soccer/abc029,usa pulisic scored great goal iran well deserved,0.508,0.0,0.492,0.7351,positive
abc030,comment,Argentina vs Netherlands was chaos so many cards and drama,789,2022-11-21T10:30:00,worldcup,https://reddit.com/r/worldcup/abc030,argentina vs netherlands chaos many cards drama,0.0,0.381,0.619,-0.5719,negative
abc031,comment,Brazil are overrated they will bottle it as usual,123,2022-11-22T08:00:00,soccer,https://reddit.com/r/soccer/abc031,brazil overrated bottle usual,0.0,0.0,1.0,0.0,neutral
abc032,comment,France defense is a disaster waiting to happen poor organization,198,2022-11-22T08:15:00,worldcup,https://reddit.com/r/worldcup/abc032,france defense disaster waiting happen poor organization,0.118,0.567,0.315,-0.7717,negative
abc033,comment,England always disappoints at major tournaments just not good enough,167,2022-11-22T08:30:00,soccer,https://reddit.com/r/soccer/abc033,england always disappoints major tournaments good enough,0.295,0.241,0.464,0.1477,positive
abc034,comment,Germany exit was embarrassing for the nation shameful performance,245,2022-11-22T08:45:00,worldcup,https://reddit.com/r/worldcup/abc034,germany exit embarrassing nation shameful performance,0.0,0.592,0.408,-0.7003,negative
abc035,comment,Ronaldo crying on the bench was hard to watch end of an era,567,2022-11-22T09:00:00,soccer,https://reddit.com/r/soccer/abc035,ronaldo crying bench hard watch end era,0.0,0.474,0.526,-0.5423,negative
abc036,comment,Argentina penalty shootout hero goalkeeper martinez was incredible,1023,2022-11-22T09:15:00,worldcup,https://reddit.com/r/worldcup/abc036,argentina penalty shootout hero goalkeeper martinez incredible,0.31,0.259,0.431,0.1531,positive
abc037,comment,Morocco fairytale run finally ended but what a journey,876,2022-11-22T09:30:00,soccer,https://reddit.com/r/soccer/abc037,morocco fairytale run finally ended journey,0.0,0.0,1.0,0.0,neutral
abc038,comment,Brazil tite tactics cost them the game poor substitutions,334,2022-11-22T09:45:00,worldcup,https://reddit.com/r/worldcup/abc038,brazil tite tactics cost game poor substitutions,0.0,0.341,0.659,-0.4767,negative
abc039,comment,France mbappe hat trick in the final was absolutely insane,1234,2022-11-22T10:00:00,soccer,https://reddit.com/r/soccer/abc039,france mbappe hat trick final absolutely insane,0.0,0.456,0.544,-0.4927,negative
abc040,comment,Messi lifting the trophy is the greatest moment in football history,3456,2022-11-22T10:15:00,worldcup,https://reddit.com/r/worldcup/abc040,messi lifting trophy greatest moment football history,0.412,0.0,0.588,0.6369,positive
