id,type,text,score,timestamp,subreddit,url
abc001,post,Brazil vs Argentina World Cup final would be an incredible match,1523,2022-11-20T10:00:00,soccer,https://reddit.com/r/soccer/abc001
abc002,comment,Messi finally wins the World Cup! Argentina deserved it,987,2022-11-20T10:05:00,worldcup,https://reddit.com/r/worldcup/abc002
abc003,comment,Brazil played amazing today Neymar was unstoppable,743,2022-11-20T10:10:00,soccer,https://reddit.com/r/soccer/abc003
abc004,comment,France is looking really strong this tournament Mbappe is on fire,612,2022-11-20T10:15:00,worldcup,https://reddit.com/r/worldcup/abc004
abc005,comment,England's defense was terrible they totally deserved to lose,201,2022-11-20T10:20:00,soccer,https://reddit.com/r/soccer/abc005
abc006,comment,Morocco shocking everyone and making Africa proud incredible performance,892,2022-11-20T10:25:00,worldcup,https://reddit.com/r/worldcup/abc006
abc007,comment,Ronaldo and Portugal had a disappointing exit from the tournament,445,2022-11-20T10:30:00,soccer,https://reddit.com/r/soccer/abc007
abc008,comment,Germany crashing out in the group stage again what happened,334,2022-11-20T10:35:00,worldcup,https://reddit.com/r/worldcup/abc008
abc009,comment,Messi vs Mbappe in the final was absolutely magical,2341,2022-11-20T10:40:00,soccer,https://reddit.com/r/soccer/abc009
abc010,comment,Brazil's tiki-taka style is just so beautiful to watch,567,2022-11-20T10:45:00,worldcup,https://reddit.com/r/worldcup/abc010
abc011,comment,Kane missed another big penalty England never learn,189,2022-11-20T11:00:00,soccer,https://reddit.com/r/soccer/abc011
abc012,comment,Spain dominated possession but could not score frustrating,278,2022-11-20T11:05:00,worldcup,https://reddit.com/r/worldcup/abc012
abc013,comment,Netherlands played dirty but still lost deserved,156,2022-11-20T11:10:00,soccer,https://reddit.com/r/soccer/abc013
abc014,comment,Croatia with Modric is always a threat never count them out,423,2022-11-20T11:15:00,worldcup,https://reddit.com/r/worldcup/abc014
abc015,comment,Argentina fans are the most passionate in the world,712,2022-11-20T11:20:00,soccer,https://reddit.com/r/soccer/abc015
abc016,comment,Japan beating Germany was one of the biggest upsets ever,1034,2022-11-20T11:25:00,worldcup,https://reddit.com/r/worldcup/abc016
abc017,comment,Vinicius junior had a great World Cup showing for Brazil,389,2022-11-20T11:30:00,soccer,https://reddit.com/r/soccer/abc017
abc018,comment,France has too much talent they will win the whole thing,534,2022-11-20T11:35:00,worldcup,https://reddit.com/r/worldcup/abc018
abc019,comment,Sad to see Uruguay and Suarez go out like that,267,2022-11-20T11:40:00,soccer,https://reddit.com/r/soccer/abc019
abc020,comment,Senegal showed what African football can do really impressive,445,2022-11-20T11:45:00,worldcup,https://reddit.com/r/worldcup/abc020
abc021,comment,Messi playing like he was born for this World Cup moment,1876,2022-11-21T09:00:00,soccer,https://reddit.com/r/soccer/abc021
abc022,comment,Brazil richarlison bicycle kick best goal of the tournament,934,2022-11-21T09:10:00,worldcup,https://reddit.com/r/worldcup/abc022
abc023,comment,France griezmann and mbappe are a terrifying combination,689,2022-11-21T09:20:00,soccer,https://reddit.com/r/soccer/abc023
abc024,comment,England bellingham is going to be the best player in the world,823,2022-11-21T09:30:00,worldcup,https://reddit.com/r/worldcup/abc024
abc025,comment,Morocco hakimi absolutely tore apart the opposition fullback,556,2022-11-21T09:40:00,soccer,https://reddit.com/r/soccer/abc025
abc026,comment,Poland lewandowski finally scored his World Cup goal massive,412,2022-11-21T09:50:00,worldcup,https://reddit.com/r/worldcup/abc026
abc027,comment,Australia socceroos punching way above their weight class,378,2022-11-21T10:00:00,soccer,https://reddit.com/r/soccer/abc027
abc028,comment,South Korea son heung-min playing through injury true legend,634,2022-11-21T10:10:00,worldcup,https://reddit.com/r/worldcup/abc028
abc029,comment,USA pulisic scored a great goal against Iran well deserved,512,2022-11-21T10:20:00,soccer,https://reddit.com/r/soccer/abc029
abc030,comment,Argentina vs Netherlands was chaos so many cards and drama,789,2022-11-21T10:30:00,worldcup,https://reddit.com/r/worldcup/abc030
abc031,comment,Brazil are overrated they will bottle it as usual,123,2022-11-22T08:00:00,soccer,https://reddit.com/r/soccer/abc031
abc032,comment,France defense is a disaster waiting to happen poor organization,198,2022-11-22T08:15:00,worldcup,https://reddit.com/r/worldcup/abc032
abc033,comment,England always disappoints at major tournaments just not good enough,167,2022-11-22T08:30:00,soccer,https://reddit.com/r/soccer/abc033
abc034,comment,Germany exit was embarrassing for the nation shameful performance,245,2022-11-22T08:45:00,worldcup,https://reddit.com/r/worldcup/abc034
abc035,comment,Ronaldo crying on the bench was hard to watch end of an era,567,2022-11-22T09:00:00,soccer,https://reddit.com/r/soccer/abc035
abc036,comment,Argentina penalty shootout hero goalkeeper martinez was incredible,1023,2022-11-22T09:15:00,worldcup,https://reddit.com/r/worldcup/abc036
abc037,comment,Morocco fairytale run finally ended but what a journey,876,2022-11-22T09:30:00,soccer,https://reddit.com/r/soccer/abc037
abc038,comment,Brazil tite tactics cost them the game poor substitutions,334,2022-11-22T09:45:00,worldcup,https://reddit.com/r/worldcup/abc038
abc039,comment,France mbappe hat trick in the final was absolutely insane,1234,2022-11-22T10:00:00,soccer,https://reddit.com/r/soccer/abc039
abc040,comment,Messi lifting the trophy is the greatest moment in football history,3456,2022-11-22T10:15:00,worldcup,https://reddit.com/r/worldcup/abc040
